group_column,group,rows,positives,pr_auc,roc_auc,precision,recall,f1,balanced_accuracy,specificity,accuracy,brier,log_loss,ece,tn,fp,fn,tp,alerts_generated,threshold,false_positive_rate
sector,Coal,216,7,0.13153941582109188,0.8824333561175667,0.14705882352941177,0.7142857142857143,0.24390243902439024,0.7877648667122352,0.861244019138756,0.8564814814814815,0.07101874698318734,0.2084452608071064,0.07464474860559525,180,29,2,5,34,0.22999999999999998,0.13875598086124402
sector,Education,58,6,0.18826058201058202,0.7211538461538461,0.18518518518518517,0.8333333333333334,0.30303030303030304,0.7051282051282051,0.5769230769230769,0.603448275862069,0.15251826093058787,0.43564581090864857,0.17029033488957426,30,22,1,5,27,0.22999999999999998,0.4230769230769231
sector,Electricity Generation,188,62,0.6719019191829315,0.804147465437788,0.6041666666666666,0.46774193548387094,0.5272727272727272,0.65847414234511,0.8492063492063492,0.723404255319149,0.20581865957095358,0.6731473237710831,0.18496054318565563,107,19,33,29,48,0.22999999999999998,0.15079365079365079
sector,Energy Storage,204,72,0.8499478710658716,0.8564814814814815,0.9761904761904762,0.5694444444444444,0.7192982456140351,0.7809343434343434,0.9924242424242424,0.8431372549019608,0.18554150008609993,0.6721442353169603,0.21664790798248407,131,1,31,41,42,0.22999999999999998,0.007575757575757576
sector,Healthcare,54,8,0.40092414529914533,0.8233695652173914,0.29411764705882354,0.625,0.4,0.6820652173913043,0.7391304347826086,0.7222222222222222,0.11303091202306115,0.34094738996292906,0.0677534242775904,34,12,3,5,17,0.22999999999999998,0.2608695652173913
sector,Railways,1083,369,0.612623370097004,0.7763658308851996,0.6428571428571429,0.3170731707317073,0.4246823956442831,0.6130183780829405,0.9089635854341737,0.7072945521698984,0.24345859754179444,0.796881809627759,0.22651944238012628,649,65,252,117,182,0.22999999999999998,0.09103641456582633
sector,Telecommunication,113,15,0.3363689200448355,0.7653061224489796,0.2222222222222222,0.9333333333333333,0.358974358974359,0.7166666666666667,0.5,0.5575221238938053,0.17722859966613058,0.4977808785681935,0.20417227680026578,49,49,1,14,63,0.22999999999999998,0.5
sector,Urban Public Transport,100,43,0.9396081475693282,0.9677682578539372,0.9285714285714286,0.9069767441860465,0.9176470588235294,0.927172582619339,0.9473684210526315,0.93,0.15508053345175216,0.42259944155183926,0.23748608134804844,54,3,4,39,42,0.22999999999999998,0.05263157894736842
state,Andhra Pradesh,84,31,0.7241920142801168,0.7845404747413268,0.7857142857142857,0.3548387096774194,0.4888888888888889,0.6491174680462568,0.9433962264150944,0.7261904761904762,0.2306240549668191,0.8454913040103004,0.25170225016535663,50,3,20,11,14,0.22999999999999998,0.05660377358490566
state,Assam,97,23,0.6021395839054563,0.7596944770857813,0.6153846153846154,0.34782608695652173,0.4444444444444444,0.6401292596944771,0.9324324324324325,0.7938144329896907,0.15878618489864849,0.5879938070787879,0.15046976084586114,69,5,15,8,13,0.22999999999999998,0.06756756756756757
state,Bihar,97,28,0.586692640530937,0.734472049689441,0.48,0.42857142857142855,0.4528301886792453,0.6200828157349897,0.8115942028985508,0.7010309278350515,0.1879160050023516,0.5925572274618963,0.1385171336823866,56,13,16,12,25,0.22999999999999998,0.18840579710144928
state,Chhattisgarh,83,15,0.4578127798127798,0.865686274509804,0.45454545454545453,0.3333333333333333,0.38461538461538464,0.6225490196078431,0.9117647058823529,0.8072289156626506,0.14089491751381877,0.4084360346820915,0.12685082997054295,62,6,10,5,11,0.22999999999999998,0.08823529411764706
state,Gujarat,136,39,0.4057986554595844,0.6719534760771875,0.3953488372093023,0.4358974358974359,0.4146341463414634,0.5839280993920168,0.7319587628865979,0.6470588235294118,0.23545775144449815,0.7291899981820983,0.19512136644306638,71,26,22,17,43,0.22999999999999998,0.26804123711340205
state,Jharkhand,110,17,0.7871490714888415,0.954459203036053,0.6842105263157895,0.7647058823529411,0.7222222222222222,0.8500948766603416,0.9354838709677419,0.9090909090909091,0.07067439199817549,0.2297276211065839,0.07611060482521516,87,6,4,13,19,0.22999999999999998,0.06451612903225806
state,Karnataka,86,26,0.5165162058417712,0.7576923076923077,0.5,0.38461538461538464,0.43478260869565216,0.608974358974359,0.8333333333333334,0.6976744186046512,0.2322132014703508,0.7432901270212042,0.22912133969507906,50,10,16,10,20,0.22999999999999998,0.16666666666666666
state,Madhya Pradesh,95,28,0.7008040401488317,0.8805970149253732,0.68,0.6071428571428571,0.6415094339622641,0.7438699360341151,0.8805970149253731,0.8,0.17248851817133193,0.5251171357191928,0.17542058574852742,59,8,11,17,25,0.22999999999999998,0.11940298507462686
state,Maharashtra,221,51,0.4368804995877544,0.7709342560553633,0.3902439024390244,0.3137254901960784,0.34782608695652173,0.5833333333333333,0.8529411764705882,0.7285067873303167,0.1948387008540397,0.6617391677233784,0.17179039864121382,145,25,35,16,41,0.22999999999999998,0.14705882352941177
state,Odisha,103,17,0.6649051509050895,0.8296853625170999,0.5,0.5294117647058824,0.5142857142857142,0.7123803009575924,0.8953488372093024,0.8349514563106796,0.09338799688795098,0.34606866382055446,0.07563416478966783,77,9,8,9,18,0.22999999999999998,0.10465116279069768
state,Rajasthan,71,26,0.8254818230444386,0.8863247863247863,0.7083333333333334,0.6538461538461539,0.68,0.7491452991452991,0.8444444444444444,0.7746478873239436,0.17982381007034665,0.5140658334054912,0.20760257803665041,38,7,9,17,24,0.22999999999999998,0.15555555555555556
state,Telangana,64,16,0.21328151623386218,0.4114583333333333,0.047619047619047616,0.0625,0.05405405405405406,0.3229166666666667,0.5833333333333334,0.453125,0.35290969750111334,1.15248837412779,0.3814995634798482,28,20,15,1,21,0.22999999999999998,0.4166666666666667
state,Uttar Pradesh,132,33,0.5260622794796689,0.8126721763085399,0.5,0.6363636363636364,0.56,0.7121212121212122,0.7878787878787878,0.75,0.16545401833339013,0.498750314609787,0.11360826422253667,78,21,12,21,42,0.22999999999999998,0.21212121212121213
state,West Bengal,90,19,0.7330847650064811,0.8851000741289844,0.7777777777777778,0.7368421052631579,0.7567567567567568,0.8402520385470719,0.9436619718309859,0.9,0.11718454279843225,0.39845314314530705,0.11800418935033628,67,4,5,14,18,0.22999999999999998,0.056338028169014086
reporting_regime,PAIMANA,2155,609,0.5526976957562444,0.7918724522418148,0.5553319919517102,0.45320197044334976,0.49909584086799275,0.6551262116123605,0.8570504527813713,0.7429234338747099,0.1946374025979912,0.6286023105273261,0.1580004486072721,1325,221,333,276,497,0.22999999999999998,0.1429495472186287
quality_bucket,below 70,67,13,0.6015097178094526,0.7435897435897436,0.8571428571428571,0.46153846153846156,0.6,0.7215099715099715,0.9814814814814815,0.8805970149253731,0.1296371055276426,0.4441389843731162,0.09653938154108073,53,1,7,6,7,0.22999999999999998,0.018518518518518517
quality_bucket,70-79,31,13,0.6172625807241191,0.7692307692307693,0.4,0.15384615384615385,0.2222222222222222,0.4935897435897436,0.8333333333333334,0.5483870967741935,0.3415471212674089,1.0291025847151727,0.3511113547605338,15,3,11,2,5,0.22999999999999998,0.16666666666666666
quality_bucket,80-89,434,155,0.4887800685553529,0.691941264886114,0.475,0.24516129032258063,0.32340425531914896,0.5473118279569893,0.8494623655913979,0.6336405529953917,0.28404054246835064,0.9492985450696824,0.25397158964268646,237,42,117,38,80,0.22999999999999998,0.15053763440860216
quality_bucket,90-100,1623,428,0.5770968727361794,0.8220056309388808,0.5679012345679012,0.5373831775700935,0.5522208883553421,0.695469831462871,0.8535564853556485,0.7701786814540974,0.17060773896350287,0.5428114100720742,0.13178390643488014,1020,175,198,230,405,0.22999999999999998,0.14644351464435146
cost_bucket,"(0.099, 364.0]",540,170,0.5297919614383496,0.7502543720190779,0.5496688741721855,0.48823529411764705,0.5171339563862928,0.6522257551669316,0.8162162162162162,0.7129629629629629,0.22081734279052975,0.7159548011425856,0.18568474462838727,302,68,87,83,151,0.22999999999999998,0.1837837837837838
cost_bucket,"(2154.23, 188000.0]",539,129,0.6089799654773099,0.8419550009453582,0.6,0.46511627906976744,0.5240174672489083,0.6837776517300057,0.9024390243902439,0.7977736549165121,0.15568753991981404,0.5153293895959942,0.12451435709337542,370,40,69,60,100,0.22999999999999998,0.0975609756097561
cost_bucket,"(364.0, 838.68]",538,151,0.5253994127231756,0.7692215548368329,0.5161290322580645,0.423841059602649,0.46545454545454545,0.6344011499563632,0.8449612403100775,0.7267657992565055,0.20149263426892902,0.6482498140445122,0.16698611170320388,327,60,87,64,124,0.22999999999999998,0.15503875968992248
cost_bucket,"(838.68, 2154.23]",538,159,0.5806390016982615,0.8002688305869469,0.5655737704918032,0.4339622641509434,0.49110320284697506,0.6470602877482949,0.8601583113456465,0.7342007434944238,0.20052716772922183,0.6347610513405262,0.16899071054063766,326,53,90,69,122,0.22999999999999998,0.13984168865435356
progress_stage,0-25,679,63,0.2265046727204713,0.7716192537621109,0.2962962962962963,0.12698412698412698,0.17777777777777778,0.5480699855699855,0.9691558441558441,0.8910162002945509,0.09184354115838976,0.33882699843680136,0.07563326616260313,597,19,55,8,27,0.22999999999999998,0.030844155844155844
progress_stage,25-50,291,50,0.5528037625214283,0.8741908713692946,0.525,0.42,0.4666666666666667,0.6705809128630705,0.921161825726141,0.8350515463917526,0.12202986572026903,0.38276449120940736,0.09900221061626778,222,19,29,21,40,0.22999999999999998,0.07883817427385892
progress_stage,50-75,393,110,0.5348248179800944,0.7754256344362351,0.49523809523809526,0.4727272727272727,0.48372093023255813,0.6427240603919049,0.8127208480565371,0.7175572519083969,0.19236152606210846,0.6035475737589785,0.1458437285851952,230,53,58,52,105,0.22999999999999998,0.1872791519434629
progress_stage,75-100+,792,386,0.6270046655978577,0.6494805890910947,0.6,0.5051813471502591,0.5485232067510548,0.5924921514076418,0.6798029556650246,0.5946969696969697,0.31057205490545126,0.9797926563365953,0.2592842659929904,276,130,191,195,325,0.22999999999999998,0.32019704433497537
