threshold,precision,recall,f1,false_positive_rate,alerts_generated
0.02,0.22666666666666666,0.9714285714285714,0.3675675675675676,0.5353846153846153,450
0.025,0.24757281553398058,0.9714285714285714,0.3945841392649903,0.47692307692307695,412
0.03,0.2604166666666667,0.9523809523809523,0.40899795501022496,0.4369230769230769,384
0.035,0.2682926829268293,0.9428571428571428,0.4177215189873418,0.4153846153846154,369
0.04,0.2836676217765043,0.9428571428571428,0.43612334801762115,0.38461538461538464,349
0.045,0.2934131736526946,0.9333333333333333,0.44646924829157175,0.3630769230769231,334
0.05,0.30124223602484473,0.9238095238095239,0.45433255269320844,0.34615384615384615,322
0.05500000000000001,0.305993690851735,0.9238095238095239,0.4597156398104265,0.3384615384615385,317
0.06,0.313915857605178,0.9238095238095239,0.46859903381642515,0.3261538461538461,309
0.065,0.3222591362126246,0.9238095238095239,0.47783251231527096,0.31384615384615383,301
0.07,0.3321917808219178,0.9238095238095239,0.48866498740554154,0.3,292
0.075,0.3404255319148936,0.9142857142857143,0.49612403100775193,0.28615384615384615,282
0.08,0.34532374100719426,0.9142857142857143,0.5013054830287206,0.28,278
0.085,0.35555555555555557,0.9142857142857143,0.512,0.2676923076923077,270
0.09000000000000001,0.36293436293436293,0.8952380952380953,0.5164835164835165,0.25384615384615383,259
0.095,0.3671875,0.8952380952380953,0.5207756232686981,0.24923076923076923,256
0.1,0.3790322580645161,0.8952380952380953,0.5325779036827195,0.23692307692307693,248
0.10500000000000001,0.3795918367346939,0.8857142857142857,0.5314285714285715,0.23384615384615384,245
0.11,0.3795918367346939,0.8857142857142857,0.5314285714285715,0.23384615384615384,245
0.115,0.38589211618257263,0.8857142857142857,0.5375722543352601,0.2276923076923077,241
0.12000000000000001,0.3940677966101695,0.8857142857142857,0.5454545454545454,0.22,236
0.125,0.40086206896551724,0.8857142857142857,0.5519287833827893,0.21384615384615385,232
0.13,0.40611353711790393,0.8857142857142857,0.5568862275449101,0.20923076923076922,229
0.135,0.4125560538116592,0.8761904761904762,0.5609756097560976,0.20153846153846153,223
0.13999999999999999,0.423963133640553,0.8761904761904762,0.5714285714285714,0.19230769230769232,217
0.145,0.43333333333333335,0.8666666666666667,0.5777777777777777,0.18307692307692308,210
0.15,0.43902439024390244,0.8571428571428571,0.5806451612903226,0.17692307692307693,205
0.155,0.4494949494949495,0.8476190476190476,0.5874587458745875,0.1676923076923077,198
0.16,0.45408163265306123,0.8476190476190476,0.5913621262458472,0.1646153846153846,196
0.16499999999999998,0.4536082474226804,0.8380952380952381,0.5886287625418061,0.16307692307692306,194
0.16999999999999998,0.45263157894736844,0.819047619047619,0.5830508474576271,0.16,190
0.175,0.45698924731182794,0.8095238095238095,0.584192439862543,0.15538461538461537,186
0.18,0.46195652173913043,0.8095238095238095,0.5882352941176471,0.1523076923076923,184
0.185,0.4644808743169399,0.8095238095238095,0.5902777777777778,0.15076923076923077,183
0.19,0.4745762711864407,0.8,0.5957446808510638,0.14307692307692307,177
0.195,0.4742857142857143,0.7904761904761904,0.5928571428571429,0.14153846153846153,175
0.19999999999999998,0.4682080924855491,0.7714285714285715,0.5827338129496403,0.14153846153846153,173
0.205,0.47928994082840237,0.7714285714285715,0.5912408759124088,0.13538461538461538,169
0.21,0.48502994011976047,0.7714285714285715,0.5955882352941176,0.13230769230769232,167
0.215,0.49079754601226994,0.7619047619047619,0.5970149253731343,0.1276923076923077,163
0.22,0.49382716049382713,0.7619047619047619,0.599250936329588,0.12615384615384614,162
0.225,0.4968944099378882,0.7619047619047619,0.6015037593984962,0.12461538461538461,161
0.22999999999999998,0.5031446540880503,0.7619047619047619,0.6060606060606061,0.12153846153846154,159
0.235,0.5031847133757962,0.7523809523809524,0.6030534351145038,0.12,157
0.24,0.512987012987013,0.7523809523809524,0.61003861003861,0.11538461538461539,154
0.245,0.5163398692810458,0.7523809523809524,0.6124031007751938,0.11384615384615385,153
0.25,0.5306122448979592,0.7428571428571429,0.6190476190476191,0.10615384615384615,147
0.255,0.5342465753424658,0.7428571428571429,0.6215139442231076,0.10461538461538461,146
0.26,0.5342465753424658,0.7428571428571429,0.6215139442231076,0.10461538461538461,146
0.265,0.5310344827586206,0.7333333333333333,0.616,0.10461538461538461,145
0.27,0.5314685314685315,0.7238095238095238,0.6129032258064516,0.10307692307692308,143
0.275,0.5362318840579711,0.7047619047619048,0.6090534979423868,0.09846153846153846,138
0.28,0.5362318840579711,0.7047619047619048,0.6090534979423868,0.09846153846153846,138
0.28500000000000003,0.5413533834586466,0.6857142857142857,0.6050420168067226,0.09384615384615384,133
0.29000000000000004,0.5413533834586466,0.6857142857142857,0.6050420168067226,0.09384615384615384,133
0.29500000000000004,0.5419847328244275,0.6761904761904762,0.6016949152542372,0.09230769230769231,131
0.30000000000000004,0.5503875968992248,0.6761904761904762,0.6068376068376068,0.08923076923076922,129
0.30500000000000005,0.5503875968992248,0.6761904761904762,0.6068376068376068,0.08923076923076922,129
0.31,0.5511811023622047,0.6666666666666666,0.603448275862069,0.0876923076923077,127
0.315,0.5511811023622047,0.6666666666666666,0.603448275862069,0.0876923076923077,127
0.32,0.5476190476190477,0.6571428571428571,0.5974025974025974,0.0876923076923077,126
0.325,0.552,0.6571428571428571,0.6,0.08615384615384615,125
0.33,0.552,0.6571428571428571,0.6,0.08615384615384615,125
0.335,0.5564516129032258,0.6571428571428571,0.6026200873362445,0.08461538461538462,124
0.34,0.5454545454545454,0.6285714285714286,0.584070796460177,0.08461538461538462,121
0.34500000000000003,0.5454545454545454,0.6285714285714286,0.584070796460177,0.08461538461538462,121
0.35000000000000003,0.5454545454545454,0.6285714285714286,0.584070796460177,0.08461538461538462,121
0.35500000000000004,0.55,0.6285714285714286,0.5866666666666667,0.08307692307692308,120
0.36000000000000004,0.5508474576271186,0.6190476190476191,0.5829596412556054,0.08153846153846153,118
0.36500000000000005,0.5470085470085471,0.6095238095238096,0.5765765765765766,0.08153846153846153,117
0.37000000000000005,0.5398230088495575,0.580952380952381,0.5596330275229358,0.08,113
0.375,0.5446428571428571,0.580952380952381,0.5622119815668203,0.07846153846153846,112
0.38,0.5446428571428571,0.580952380952381,0.5622119815668203,0.07846153846153846,112
0.385,0.5405405405405406,0.5714285714285714,0.5555555555555556,0.07846153846153846,111
0.39,0.5412844036697247,0.5619047619047619,0.5514018691588785,0.07692307692307693,109
0.395,0.5370370370370371,0.5523809523809524,0.5446009389671361,0.07692307692307693,108
0.4,0.5327102803738317,0.5428571428571428,0.5377358490566038,0.07692307692307693,107
0.405,0.5288461538461539,0.5238095238095238,0.5263157894736842,0.07538461538461538,104
0.41000000000000003,0.5288461538461539,0.5238095238095238,0.5263157894736842,0.07538461538461538,104
0.41500000000000004,0.5445544554455446,0.5238095238095238,0.5339805825242718,0.07076923076923076,101
0.42000000000000004,0.5445544554455446,0.5238095238095238,0.5339805825242718,0.07076923076923076,101
0.42500000000000004,0.5445544554455446,0.5238095238095238,0.5339805825242718,0.07076923076923076,101
0.43000000000000005,0.5510204081632653,0.5142857142857142,0.5320197044334976,0.06769230769230769,98
0.43500000000000005,0.5510204081632653,0.5142857142857142,0.5320197044334976,0.06769230769230769,98
0.44,0.5520833333333334,0.5047619047619047,0.527363184079602,0.06615384615384616,96
0.445,0.5591397849462365,0.49523809523809526,0.5252525252525253,0.06307692307692307,93
0.45,0.5543478260869565,0.4857142857142857,0.5177664974619289,0.06307692307692307,92
0.455,0.5604395604395604,0.4857142857142857,0.5204081632653061,0.06153846153846154,91
0.46,0.550561797752809,0.4666666666666667,0.5051546391752577,0.06153846153846154,89
0.465,0.5542168674698795,0.4380952380952381,0.48936170212765956,0.05692307692307692,83
0.47000000000000003,0.5487804878048781,0.42857142857142855,0.48128342245989303,0.05692307692307692,82
0.47500000000000003,0.5487804878048781,0.42857142857142855,0.48128342245989303,0.05692307692307692,82
0.48000000000000004,0.5432098765432098,0.41904761904761906,0.4731182795698925,0.05692307692307692,81
0.48500000000000004,0.55,0.41904761904761906,0.4756756756756757,0.055384615384615386,80
0.49000000000000005,0.5641025641025641,0.41904761904761906,0.4808743169398907,0.052307692307692305,78
0.49500000000000005,0.5714285714285714,0.41904761904761906,0.4835164835164835,0.05076923076923077,77
0.5,0.5714285714285714,0.41904761904761906,0.4835164835164835,0.05076923076923077,77
0.505,0.5789473684210527,0.41904761904761906,0.4861878453038674,0.04923076923076923,76
0.51,0.581081081081081,0.4095238095238095,0.48044692737430167,0.047692307692307694,74
0.515,0.5753424657534246,0.4,0.47191011235955055,0.047692307692307694,73
0.52,0.5694444444444444,0.3904761904761905,0.4632768361581921,0.047692307692307694,72
0.525,0.5857142857142857,0.3904761904761905,0.4685714285714286,0.04461538461538461,70
0.53,0.5882352941176471,0.38095238095238093,0.4624277456647399,0.043076923076923075,68
0.535,0.5909090909090909,0.37142857142857144,0.45614035087719296,0.04153846153846154,66
0.54,0.6,0.37142857142857144,0.4588235294117647,0.04,65
0.545,0.59375,0.3619047619047619,0.44970414201183434,0.04,64
0.55,0.5967741935483871,0.3523809523809524,0.4431137724550898,0.038461538461538464,62
0.555,0.6065573770491803,0.3523809523809524,0.4457831325301205,0.036923076923076927,61
0.56,0.6166666666666667,0.3523809523809524,0.4484848484848485,0.03538461538461538,60
0.5650000000000001,0.6140350877192983,0.3333333333333333,0.43209876543209874,0.033846153846153845,57
0.5700000000000001,0.6140350877192983,0.3333333333333333,0.43209876543209874,0.033846153846153845,57
0.5750000000000001,0.6140350877192983,0.3333333333333333,0.43209876543209874,0.033846153846153845,57
0.5800000000000001,0.6140350877192983,0.3333333333333333,0.43209876543209874,0.033846153846153845,57
0.5850000000000001,0.6140350877192983,0.3333333333333333,0.43209876543209874,0.033846153846153845,57
0.5900000000000001,0.6071428571428571,0.3238095238095238,0.422360248447205,0.033846153846153845,56
0.5950000000000001,0.6071428571428571,0.3238095238095238,0.422360248447205,0.033846153846153845,56
0.6,0.6,0.3142857142857143,0.4125,0.033846153846153845,55
0.605,0.6153846153846154,0.3047619047619048,0.40764331210191085,0.03076923076923077,52
0.61,0.62,0.29523809523809524,0.4,0.02923076923076923,50
0.615,0.62,0.29523809523809524,0.4,0.02923076923076923,50
0.62,0.62,0.29523809523809524,0.4,0.02923076923076923,50
0.625,0.625,0.2857142857142857,0.39215686274509803,0.027692307692307693,48
0.63,0.6382978723404256,0.2857142857142857,0.39473684210526316,0.026153846153846153,47
0.635,0.6222222222222222,0.26666666666666666,0.37333333333333335,0.026153846153846153,45
0.64,0.6341463414634146,0.24761904761904763,0.3561643835616438,0.023076923076923078,41
0.645,0.6341463414634146,0.24761904761904763,0.3561643835616438,0.023076923076923078,41
0.65,0.6341463414634146,0.24761904761904763,0.3561643835616438,0.023076923076923078,41
0.655,0.6341463414634146,0.24761904761904763,0.3561643835616438,0.023076923076923078,41
0.66,0.6341463414634146,0.24761904761904763,0.3561643835616438,0.023076923076923078,41
0.665,0.6410256410256411,0.23809523809523808,0.3472222222222222,0.021538461538461538,39
0.67,0.6410256410256411,0.23809523809523808,0.3472222222222222,0.021538461538461538,39
0.675,0.6410256410256411,0.23809523809523808,0.3472222222222222,0.021538461538461538,39
0.68,0.6486486486486487,0.22857142857142856,0.3380281690140845,0.02,37
0.685,0.6486486486486487,0.22857142857142856,0.3380281690140845,0.02,37
0.6900000000000001,0.6486486486486487,0.22857142857142856,0.3380281690140845,0.02,37
0.6950000000000001,0.6486486486486487,0.22857142857142856,0.3380281690140845,0.02,37
0.7000000000000001,0.6486486486486487,0.22857142857142856,0.3380281690140845,0.02,37
0.7050000000000001,0.6666666666666666,0.22857142857142856,0.3404255319148936,0.018461538461538463,36
0.7100000000000001,0.6571428571428571,0.21904761904761905,0.32857142857142857,0.018461538461538463,35
0.7150000000000001,0.6764705882352942,0.21904761904761905,0.33093525179856115,0.016923076923076923,34
0.7200000000000001,0.6764705882352942,0.21904761904761905,0.33093525179856115,0.016923076923076923,34
0.725,0.6764705882352942,0.21904761904761905,0.33093525179856115,0.016923076923076923,34
0.73,0.6764705882352942,0.21904761904761905,0.33093525179856115,0.016923076923076923,34
0.735,0.6774193548387096,0.2,0.3088235294117647,0.015384615384615385,31
0.74,0.6666666666666666,0.19047619047619047,0.2962962962962963,0.015384615384615385,30
0.745,0.6666666666666666,0.19047619047619047,0.2962962962962963,0.015384615384615385,30
0.75,0.6666666666666666,0.19047619047619047,0.2962962962962963,0.015384615384615385,30
0.755,0.6428571428571429,0.17142857142857143,0.2706766917293233,0.015384615384615385,28
0.76,0.6666666666666666,0.17142857142857143,0.2727272727272727,0.013846153846153847,27
0.765,0.6666666666666666,0.17142857142857143,0.2727272727272727,0.013846153846153847,27
0.77,0.6923076923076923,0.17142857142857143,0.2748091603053435,0.012307692307692308,26
0.775,0.68,0.1619047619047619,0.26153846153846155,0.012307692307692308,25
0.78,0.68,0.1619047619047619,0.26153846153846155,0.012307692307692308,25
0.785,0.6666666666666666,0.1523809523809524,0.24806201550387597,0.012307692307692308,24
0.79,0.6818181818181818,0.14285714285714285,0.23622047244094488,0.010769230769230769,22
0.795,0.65,0.12380952380952381,0.208,0.010769230769230769,20
0.8,0.65,0.12380952380952381,0.208,0.010769230769230769,20
0.805,0.65,0.12380952380952381,0.208,0.010769230769230769,20
0.81,0.65,0.12380952380952381,0.208,0.010769230769230769,20
0.8150000000000001,0.65,0.12380952380952381,0.208,0.010769230769230769,20
0.8200000000000001,0.6111111111111112,0.10476190476190476,0.17886178861788618,0.010769230769230769,18
0.8250000000000001,0.6111111111111112,0.10476190476190476,0.17886178861788618,0.010769230769230769,18
0.8300000000000001,0.6111111111111112,0.10476190476190476,0.17886178861788618,0.010769230769230769,18
0.8350000000000001,0.5882352941176471,0.09523809523809523,0.16393442622950818,0.010769230769230769,17
0.8400000000000001,0.5625,0.08571428571428572,0.1487603305785124,0.010769230769230769,16
0.8450000000000001,0.5625,0.08571428571428572,0.1487603305785124,0.010769230769230769,16
0.8500000000000001,0.6,0.08571428571428572,0.15,0.009230769230769232,15
0.855,0.5714285714285714,0.0761904761904762,0.13445378151260504,0.009230769230769232,14
0.86,0.5714285714285714,0.0761904761904762,0.13445378151260504,0.009230769230769232,14
0.865,0.5714285714285714,0.0761904761904762,0.13445378151260504,0.009230769230769232,14
0.87,0.5714285714285714,0.0761904761904762,0.13445378151260504,0.009230769230769232,14
0.875,0.5714285714285714,0.0761904761904762,0.13445378151260504,0.009230769230769232,14
0.88,0.6153846153846154,0.0761904761904762,0.13559322033898305,0.007692307692307693,13
0.885,0.5454545454545454,0.05714285714285714,0.10344827586206896,0.007692307692307693,11
0.89,0.5454545454545454,0.05714285714285714,0.10344827586206896,0.007692307692307693,11
0.895,0.5,0.047619047619047616,0.08695652173913043,0.007692307692307693,10
0.9,0.5,0.047619047619047616,0.08695652173913043,0.007692307692307693,10
